rank,id,question,importance,affected,existing,gap,data,experiment,metrics,time,difficulty,ethics,failure,success_output,failure_output,feasible,status,importance_score,gap_score,testability_score,feasibility_score,reproducibility_score,reuse_score,novelty_score,growth_score,maintenance_score,total
1,C01,"Among recently peer-reviewed JOSS software repositories, how often does CITATION.cff disagree with an authoritative package-manifest version, and can a deterministic checker detect actionable drift with low false positives?","Incorrect citation metadata can propagate into scholarly records, misattribute software versions, and weaken reproducibility.","Research software authors, reviewers, archivists, indexers, and downstream researchers citing exact software versions.","CFF schema validators, GitHub citation rendering, manual JOSS review, package-manager metadata checks.",Existing validators largely validate each file in isolation; they do not consistently compare CFF version metadata against package manifests across ecosystems.,"Recent JOSS repositories with CITATION.cff and pyproject.toml, DESCRIPTION, Cargo.toml, Project.toml, or package.json.","Screen a bounded recent JOSS sample, manually label cross-file version state, compare a schema-presence baseline with a cross-file checker.","Eligible prevalence, actionable-drift rate, precision, recall, F1, parse coverage, runtime, peak memory, deterministic output hash.",2–4 days pilot,Medium,Low; public repository metadata only.,Too few eligible repositories or most version fields are intentionally omitted/dynamic.,"CLI, benchmark dataset, labeling protocol, cross-ecosystem parsers, GitHub Action-ready workflow.",Eligibility and negative-prevalence dataset showing whether the suspected gap is practically rare.,Yes,KNOWN/INFERRED,14,14,15,15,10,10,8,5,5,96
2,C08,"How often do codemeta.json, CITATION.cff, and package manifests disagree on title, authorship, license, or repository URL?","Conflicting metadata harms discovery, attribution, and automated indexing.","Authors, repositories, archives, citation systems.",Schema validators and metadata converters.,Cross-schema semantic reconciliation is less mature than per-schema validation.,Public research repos containing two or more metadata formats.,Normalize common fields and manually label disagreements.,"Conflict rate by field, precision, recall, parse coverage, ambiguity rate.",3–5 days,Medium,Low.,Eligible multi-metadata sample is too small.,Metadata crosswalk and drift checker.,Eligibility census.,Yes,INFERRED,13,13,14,14,10,10,8,5,4,91
3,C05,"Can notebook output staleness be detected by comparing cell-input hashes, execution counts, and stored outputs without rerunning the full notebook?",Stale outputs can silently contradict the current analysis code.,"Researchers, reviewers, students, data journalists.","nbval, nbmake, execution-count checks, Jupyter metadata.",Cheap preflight detection without execution is incomplete and may miss semantic changes.,Version histories of public notebooks with commits and outputs.,Inject controlled edits and evaluate heuristics against known stale/fresh labels.,"Precision, recall, mutation coverage, runtime, false alarms by notebook style.",3–5 days,Medium,Low.,Synthetic mutations fail to represent real stale-output behavior.,Notebook freshness benchmark and preflight tool.,Heuristic limitation matrix.,Yes,INFERRED,13,12,14,14,10,9,8,5,4,89
4,C02,Do reproduction commands in recent research-software READMEs execute successfully in a clean CPU-only environment without undocumented manual steps?,Broken onboarding commands waste researcher time and impede independent verification.,"New users, reviewers, maintainers, educators.","CI, package tests, documentation testing, container images.",Project CI often tests source code but not the exact README quick-start path in a clean environment.,Recent JOSS repositories and documented install/run commands.,Extract one declared quick-start command per repository and execute in isolated containers with bounded time.,"Success rate, failure category, undocumented-step count, time-to-first-result, network/download volume.",4–7 days,High,"Low; public code, but arbitrary build scripts require sandboxing.",Heterogeneous languages and long builds exceed resource limits.,"README smoketest protocol, failure taxonomy, reproducible runner.",Resource-cost map and exclusion taxonomy.,Partially,INFERRED,14,13,14,10,9,10,9,5,3,87
5,C03,"How often do a JOSS paper version, repository release tag, archival deposit version, and package manifest disagree at publication time?",Publication-time version ambiguity can make exact scientific software reconstruction impossible.,"Authors, JOSS editors, archives, reproducibility auditors.","JOSS acceptance checks, Zenodo/GitHub releases, DOI metadata.",Checks are distributed across services and longitudinal consistency is not routinely machine-audited.,"JOSS papers, GitHub releases, Zenodo metadata, package manifests.",Cross-link recent JOSS papers and compare normalized versions across four sources.,"Mismatch rate by source pair, unresolved-link rate, false-positive rate, manual minutes per repository.",4–6 days,High,Low.,"Rate limits, inaccessible archives, or ambiguous publication snapshots.",Version-provenance benchmark and auditor.,Service-linkage failure map.,Partially,KNOWN/INFERRED,15,13,14,10,8,10,9,5,3,87
6,C04,Are GitHub Actions permissions in recent research-software repositories broader than required by the workflow steps they execute?,Overprivileged automation increases supply-chain blast radius.,"Maintainers, contributors, package users, CI infrastructure.","GitHub permission defaults, Scorecard, actionlint, security guidance.",Inferring minimum permissions from arbitrary third-party actions remains incomplete and context-dependent.,Public workflow YAML from a bounded JOSS sample.,Static permission analysis against manually reviewed workflow capabilities.,"Overprivilege prevalence, precision/recall, permission-distance score, manual review time.",3–5 days,Medium-high,Low; defensive public metadata analysis.,Existing tools already cover most cases or action semantics cannot be inferred reliably.,Research-specific benchmark and permission linter rules.,Catalog of inference limits.,Yes,KNOWN/INFERRED,14,11,13,14,10,9,7,5,4,87
7,C15,Are downloadable offline educational content bundles actually self-contained when network access is disabled?,Hidden network dependencies undermine access in low-bandwidth settings.,"Students, teachers, humanitarian and rural education programs.","PWA audits, offline-first testing, content packaging standards.",Offline claims are rarely tested against all embedded media and scripts.,Open educational HTML/PWA bundles with explicit offline claims.,Run bundles in network-blocked browser and record failed resources and blocked tasks.,"Task completion, missing-resource count, external-request count, bundle size.",4–7 days,High,Low.,Few legally downloadable bundles or browser automation unavailable.,Offline lesson pack validator and task benchmark.,Eligibility and packaging report.,Partially,INFERRED,15,13,14,8,8,10,9,5,3,85
8,C12,Do downloadable public datasets carry machine-readable license information consistent with their portal landing pages?,License ambiguity deters lawful reuse and can cause improper redistribution.,"Researchers, civic technologists, data publishers.","DCAT, data-package metadata, portal license fields.",License statements often do not travel with downloaded artifacts.,Government and NGO data portals plus downloaded files.,"Compare portal license, file-adjacent metadata, and embedded metadata.","License absence, inconsistency, machine-readability, retrieval success.",3–5 days,Medium,Low.,Portal sampling becomes jurisdiction-specific.,License-mesh dataset and checker.,Portal-specific gap report.,Yes,KNOWN/INFERRED,13,12,14,12,8,9,7,5,4,84
9,C06,"What fraction of figures in small research repositories can be traced to a generating script, source dataset, and exact command using only repository evidence?",Untraceable figures obstruct claim verification and correction.,"Reviewers, coauthors, future maintainers.","Workflow systems, notebooks, Make/Snakemake, provenance standards.",Most tools require prior instrumentation; retrospective low-cost lineage extraction is weak.,JOSS or replication repositories containing figures and scripts.,Build a static lineage heuristic and compare with manual labels.,"Lineage coverage, precision/recall, unresolved nodes, manual minutes saved.",5–8 days,High,Low.,Repository structures too heterogeneous for credible labels.,"Figure-lineage schema, benchmark, CLI.",Failure taxonomy for retrospective provenance.,Partially,INFERRED,14,14,11,9,8,9,10,5,3,83
10,C10,"Can missing or ambiguous measurement units in public environmental CSV files be detected using schema, column names, value ranges, and portal metadata?",Unit ambiguity can produce order-of-magnitude scientific and policy errors.,"Environmental researchers, agencies, civic-data users.","CF conventions, data dictionaries, validation rules.",CSV portals often separate metadata from files and use inconsistent field names.,"Public air, soil, water, and weather datasets with data dictionaries.",Create gold labels and compare header-only versus metadata-linked detectors.,"Missing-unit prevalence, precision/recall, unit ambiguity, metadata retrieval success.",5–8 days,High,Low.,Cross-domain labels require specialist judgment and portal access is unstable.,"Unit-contract schema, benchmark, validator.",Public-data metadata availability census.,Partially,KNOWN/INFERRED,15,14,12,8,7,10,9,5,3,83
11,C13,"How often do public sensor datasets omit calibration method, calibration date, or reference-instrument metadata needed for secondary analysis?",Uncalibrated sensor values can be misinterpreted as comparable measurements.,"Environmental researchers, communities, policymakers.","SensorML, SensorThings, domain guidelines.",Standards exist but real dataset adoption and completeness are uneven.,Open low-cost air-quality and environmental sensor datasets.,Score required calibration metadata against a preregistered checklist.,"Field completeness, dataset usability tiers, inter-rater agreement.",4–7 days,Medium-high,Low.,Required metadata differs materially by sensor domain.,Sensor metadata minimum profile and census.,Domain-specific requirement map.,Partially,KNOWN/INFERRED,15,13,12,9,8,10,8,5,3,83
12,C14,Can timezone ambiguity in public environmental time-series data be detected before analysis using timestamps and metadata alone?,Timezone mistakes shift events and corrupt cross-source comparisons.,"Researchers, emergency planners, civic dashboards.","ISO 8601, timezone-aware libraries, schema validators.",Naive timestamps often lack offsets and portal metadata may be inconsistent.,"Public weather, air, and water time-series files.",Create labels from authoritative documentation and test rules.,"Ambiguity prevalence, precision/recall, false alarms, affected-row count.",3–5 days,Medium,Low.,Ground truth is unavailable for ambiguous sources.,Timestamp preflight tool and benchmark.,Ground-truth availability report.,Yes,INFERRED,14,11,13,12,9,9,7,4,4,83
13,C18,Can a benchmark distinguish real credential leakage from illustrative secret-like strings in public example configuration files?,False positives cause alert fatigue while real examples may normalize unsafe secret handling.,Open-source maintainers and users copying examples.,"gitleaks, trufflehog, GitHub secret scanning.",Public benchmarks for documentation/example contexts and realistic placeholders are limited.,Public example configs plus controlled synthetic mutations; no use of live credentials.,"Manually label safe placeholders and injected dummy-secret patterns, compare scanners/rules.","Precision, recall, false-positive classes, scan time.",3–5 days,Medium,Moderate; must avoid collecting or exposing live secrets.,Ethically safe labels cannot establish whether apparent live strings are valid.,Safe benchmark and context-aware rules.,False-positive taxonomy without redistributing sensitive strings.,Yes with strict safeguards,INFERRED,14,11,14,11,9,9,8,4,3,83
14,C16,What fraction of charts in open textbooks provide a text alternative sufficient to recover the chart's main quantitative claim?,Inaccessible charts exclude blind and low-vision learners.,Students with visual disabilities and educators.,"WCAG alt-text guidance, accessibility checkers.",Presence checks do not evaluate whether text alternatives preserve the claim.,Openly licensed HTML textbooks with charts.,Manual claim labels plus automated structural checks on a bounded sample.,"Alt-text presence, claim coverage, inter-rater agreement, false-pass rate.",5–8 days,High,Low; accessibility evaluation needs careful criteria.,Semantic sufficiency is subjective without multiple raters.,Chart accessibility benchmark and rubric.,Rubric reliability results.,Partially,KNOWN/INFERRED,15,14,11,8,7,9,9,5,3,81
15,C07,Do declared dependency constraints in recent research packages uniquely resolve to reproducible environments after six months?,Dependency drift causes delayed reproducibility failures.,Researchers rerunning older analyses and package maintainers.,"Lockfiles, environment.yml, renv, manifests, containers.",Cross-ecosystem longitudinal resolution is difficult and often not monitored.,Historical package manifests and current package indexes.,Resolve archived constraints at two time points or against snapshots.,"Resolution success, version-set divergence, vulnerable/yanked dependency count.",5–10 days,High,Low.,Historical package-index snapshots unavailable or environment builds too costly.,Dependency-drift benchmark.,Snapshot availability report.,Partially,KNOWN/INFERRED,15,13,12,8,7,9,8,5,2,79
16,C11,How often do public-data API schemas change without a machine-readable version or migration notice?,Silent schema drift breaks public-interest analyses and services.,"Civic developers, researchers, journalists, agencies.","OpenAPI, data catalogs, monitoring tools.",Many portals expose no historical schema snapshots.,Repeated snapshots of selected government APIs.,Collect daily schemas and classify additive/breaking changes.,"Drift events, breaking-change rate, notice coverage, downtime.",Weeks-months,Medium,Low.,Longitudinal observation period exceeds current session.,Schema-drift dataset and monitor.,Baseline snapshot registry.,No for credible longitudinal result,UNTESTABLE HERE,15,14,13,3,7,10,8,5,3,78
17,C19,Does adding an evidence ledger to AI coding-agent tasks reduce unsupported completion claims compared with a free-form completion report?,Unsupported agent claims can cause unsafe deployments and wasted review effort.,"Developers, maintainers, organizations using coding agents.","SWE-bench tests, agent traces, CI, attestation frameworks.",Evidence quality for broad repository tasks is not standardized.,Controlled repository tasks executed by one or more coding agents.,Randomize tasks to free-form versus required evidence ledger and blind-score claims.,"Unsupported-claim rate, task correctness, reviewer time, evidence completeness.",7–14 days,High,"Low, but model/API access and variance are material.",No stable access to multiple agent runs or adequate sample size.,Agent evidence protocol and benchmark.,Feasibility and power analysis.,No credible powered study here,UNTESTABLE HERE,15,14,13,3,5,10,10,5,3,78
18,C20,Can a minimal machine-readable research manifest materially reduce missing reproduction inputs in small open-source studies?,"Unspecified commands, hashes, seeds, and outputs obstruct independent reruns.","Researchers, reviewers, maintainers.","RO-Crate, CodeMeta, ReproZip, workflow systems, data packages.",Full standards may be too heavy; the value of a minimal profile needs comparison.,Small reproducible research repositories and synthetic omission cases.,"Compare no manifest, README-only, and minimal manifest on task-completion by scripted checks or users.","Missing-input detection, setup time, manifest completion time, reproducibility score.",5–10 days,High,Low.,"Without multiple independent users, value estimates are weak and circular.",Minimal schema and controlled benchmark.,Schema overlap analysis showing no need for a new profile.,Partially,INFERRED,14,9,11,9,10,10,6,5,4,78
19,C17,How much do common SBOM generators disagree on direct and transitive dependencies for the same small research software projects?,Inconsistent SBOMs weaken vulnerability and supply-chain decisions.,"Maintainers, security teams, downstream users.","Syft, CycloneDX tools, package-manager exports, SPDX.",Cross-tool comparative benchmarks exist unevenly across ecosystems and research packages.,Small open-source packages with lockfiles across Python/JS/Rust.,Generate multiple SBOMs in clean environments and compare component sets.,"Jaccard overlap, missing direct/transitive dependencies, identifier disagreement, runtime.",4–7 days,High,Low.,Installing multiple external tools is blocked or results reflect configuration rather than tool quality.,SBOM disagreement benchmark and normalizer.,Tool-install and comparability report.,Partially,KNOWN/INFERRED,14,11,14,7,8,9,7,5,2,77
20,C09,"How many external links required by research-software installation guides are unavailable, redirected, or content-drifted after publication?",Link rot blocks installation and evidence access.,"Researchers, students, maintainers.","Link checkers, web archives, DOI systems.",Availability checks do not establish whether redirected content still satisfies the documented dependency.,Published research-software READMEs and archived snapshots.,"Check links, compare content fingerprints and manually classify criticality.","Broken/redirected/drifted rate, critical-link failure rate, archive recovery rate.",3–5 days,Medium,Low; rate-limit responsibly.,Content-drift labels become subjective.,Critical-link benchmark and checker.,Link criticality protocol.,Partially,KNOWN/INFERRED,12,10,12,11,8,8,6,4,3,74
